name,v1
扑满,0001-pm
空间站黑塔-可破坏物-箱子,0002-kjzht-xz
空间站黑塔-可破坏物-罐子,0003-kjzht-gz
重子,0004-zz
反重子,0004-zz
虚卒·掠夺者,0005-xz
虚卒·抹消者,0005-xz
虚卒·篡改者,0005-xz
虚卒·践踏者,0006-jtz
兴风者,0006-jtz
外宇宙之炎,0007-wyzzx
外宇宙之冰,0007-wyzzx
次蛰虫,0008-zc
幼蛰虫,0008-zc
虫群·真蛰虫,0008-zc
雅利洛-可破坏物-木桶,0009-yll-mt
雅利洛-可破坏物-罐子,0010-yll-gz
无想面具,0005-xz
霜晶造物,0011-zw
炎华造物,0011-zw
鸣雷造物,0011-zw
巽风造物,0011-zw
虚数织叶者,0012-xszyz
自动机兵·战犬,0013-zdjb-zq
自动机兵·蜘蛛,0014-zdjb-zz
自动机兵·甲虫,0015-zdjb-jc
自动机兵·灰熊,0016-zdjb-hx
自动机兵·齿狼,0017-zdjb-cl
深寒徘徊者,0016-zdjb-hx
炽燃徘徊者,0017-zdjb-cl
流浪者,0018-llz
永冬灾影,0019-ydzy
火焚灾影,0020-hfzy
银鬃近卫,0021-yzsb
银鬃射手,0021-yzsb
银鬃炮手,0021-yzsb
银鬃尉官,0022-yzwg
蚕食者之影,0023-shzzy
守护者之影,0023-shzzy
布洛妮娅,0024-blny
杰帕德,0025-jpd
史瓦罗,0026-swl
可可利亚,0027-kkly
基层员工·外勤,0028-jcyg
基层员工·安保,0028-jcyg
资深员工·组长,0016-zdjb-hx
仙舟罗浮-可破坏物-陶罐,0029-xzlf-tg
仙舟罗浮-可破坏物-罐子,0030-xzlf-gz
入魔机巧·灯昼龙鱼,0031-rmjq
入魔机巧·率从狻猊,0031-rmjq
入魔机巧·浓云金蟾,0031-rmjq
金人司阍,0032-jr
云骑巡防士兵,0033-yq
云骑骁卫·彦卿,0034-yq
魔阴身士卒,0035-mys
「药王秘传」器元士,0035-mys
「药王秘传」内丹士,0035-mys
「药王秘传」炼形者,0036-lxz
承露天人,0037-cltr
丰饶灵兽·奎木,0038-frls-km
丰饶灵兽·娄金,0039-frls-lj
丰饶灵兽·长右,0040-frls-cy
丰饶玄鹿,0041-frxl
魔阴武弁,0042-wb
幽府武弁,0042-wb
金人勾魂使,0043-jrghs
匹诺康尼-可破坏物-气球,0044-xzlf-qq
匹诺康尼-可破坏物-可乐,0045-xzlf-kl
惊梦剧团的圆幕先生,0046-jmjt-ymxs
惊梦剧团的十七分热,0047-jmjt-sqfr
惊梦剧团的气泡埋伏,0048-jmjt-qpmf
惊梦剧团的弹簧荷官,0049-jmjt-thhg
惊梦剧团的甜猿泰山,0050-jmjt-tyts
惊梦剧团的舞鸫假面,0011-zw
惊梦剧团的发条暴徒,0051-jmjt-ftbt
忆域迷因「视线无处不在」,0052-yymy-sxwcbz
忆域迷因「我心支离破碎」,0053-yymy-wxzlps
忆域迷因「何物藏于镜中」,0054-yymy-hwcyjz
忆域迷因「狂怒褪去之壳」,0055-yymy-kltqzk
忆域迷因「何物朝向死亡」,0056-yymy-hwcxsw
王下一桶,0057-wxyt
「星核猎手」卡芙卡,0058-kfk
「星核猎手」萨姆,0059-sm
「石心十人」诡弈砂金,0060-sj
模拟宇宙-下层入口,0061-mnyz-xcrk
模拟宇宙-事件,0062-mnyz-xcrk
模拟宇宙-沉浸奖励,0063-mnyz-cjjl
模拟宇宙-黑塔,0064-mnyz-ht
模拟宇宙-复活装置,0065-mnyz-fhzz
模拟宇宙-下载装置,0066-mnyz-xzzz
